[{"model": "salads.microgreen", "pk": 1, "fields": {"date_created": "2018-10-29T18:44:48.454Z", "date_modified": "2018-10-29T18:44:48.454Z", "name": "Mild Mix", "grow": 1}}, {"model": "salads.microgreen", "pk": 2, "fields": {"date_created": "2018-10-29T18:44:54.561Z", "date_modified": "2018-10-29T18:44:54.561Z", "name": "Spicy Mix", "grow": 1}}, {"model": "salads.ingredient", "pk": 1, "fields": {"date_created": "2018-10-29T18:45:26.685Z", "date_modified": "2018-10-29T18:45:26.685Z", "name": "Roasted Beets"}}, {"model": "salads.ingredient", "pk": 2, "fields": {"date_created": "2018-10-29T18:45:31.646Z", "date_modified": "2018-10-29T18:45:31.646Z", "name": "Goat Cheese"}}, {"model": "salads.ingredient", "pk": 3, "fields": {"date_created": "2018-10-29T18:45:41.902Z", "date_modified": "2018-10-29T18:45:41.902Z", "name": "Pickled Onions"}}, {"model": "salads.ingredient", "pk": 4, "fields": {"date_created": "2018-10-29T18:45:47.210Z", "date_modified": "2018-10-29T18:45:47.210Z", "name": "Toasted Walnuts"}}, {"model": "salads.ingredient", "pk": 5, "fields": {"date_created": "2018-10-29T18:45:55.165Z", "date_modified": "2018-10-29T18:45:55.165Z", "name": "Pine Nuts"}}, {"model": "salads.ingredient", "pk": 6, "fields": {"date_created": "2018-10-29T18:46:40.116Z", "date_modified": "2018-10-29T18:46:40.116Z", "name": "Hard-Boiled Eggs"}}, {"model": "salads.ingredient", "pk": 7, "fields": {"date_created": "2018-10-29T18:46:46.284Z", "date_modified": "2018-10-29T18:46:46.284Z", "name": "Chopped Bacon"}}, {"model": "salads.ingredient", "pk": 8, "fields": {"date_created": "2018-10-29T18:46:55.221Z", "date_modified": "2018-10-29T18:46:55.221Z", "name": "Shredded Cheddar Cheese"}}, {"model": "salads.ingredient", "pk": 9, "fields": {"date_created": "2018-10-29T18:47:01.198Z", "date_modified": "2018-10-29T18:47:01.198Z", "name": "Tomato"}}, {"model": "salads.dressing", "pk": 1, "fields": {"date_created": "2018-10-29T18:46:12.025Z", "date_modified": "2018-10-29T18:46:12.025Z", "name": "Balsamic+Olive Oil+Apple Cider Vinegar Blend"}}, {"model": "salads.dressing", "pk": 2, "fields": {"date_created": "2018-10-29T18:47:14.560Z", "date_modified": "2018-10-29T18:47:14.560Z", "name": "BBQ+Ranch in Collaboration With WildBuff"}}, {"model": "salads.saladtemplate", "pk": 1, "fields": {"date_created": "2018-10-29T18:46:15.248Z", "date_modified": "2018-10-29T18:46:15.248Z", "name": "Autumn Blend", "grow": 1, "microgreens": [1], "ingredients": [1, 2, 3, 4, 5], "dressings": [1]}}, {"model": "salads.saladtemplate", "pk": 2, "fields": {"date_created": "2018-10-29T18:47:16.955Z", "date_modified": "2018-10-29T18:49:27.141Z", "name": "Light BBQ Cobb", "grow": 1, "microgreens": [2], "ingredients": [3, 6, 7, 8, 9], "dressings": [2]}}, {"model": "salads.salad", "pk": 1, "fields": {"date_created": "2018-10-29T21:37:47.865Z", "date_modified": "2018-10-29T21:37:47.865Z", "grow": 1, "from_template": 1, "order": 1, "event": null, "added_microgreens": [], "added_ingredients": [], "added_dressings": [], "removed_microgreens": [], "removed_ingredients": [], "removed_dressings": []}}, {"model": "salads.salad", "pk": 2, "fields": {"date_created": "2018-10-29T21:37:57.537Z", "date_modified": "2018-10-29T21:37:57.538Z", "grow": 1, "from_template": 1, "order": 1, "event": null, "added_microgreens": [], "added_ingredients": [], "added_dressings": [], "removed_microgreens": [], "removed_ingredients": [], "removed_dressings": []}}, {"model": "salads.salad", "pk": 3, "fields": {"date_created": "2018-10-29T21:37:57.545Z", "date_modified": "2018-10-29T21:37:57.545Z", "grow": 1, "from_template": 1, "order": 1, "event": null, "added_microgreens": [], "added_ingredients": [], "added_dressings": [], "removed_microgreens": [], "removed_ingredients": [], "removed_dressings": []}}, {"model": "salads.salad", "pk": 4, "fields": {"date_created": "2018-10-29T21:39:40.358Z", "date_modified": "2018-10-29T21:39:40.358Z", "grow": 1, "from_template": 1, "order": 2, "event": null, "added_microgreens": [], "added_ingredients": [], "added_dressings": [], "removed_microgreens": [], "removed_ingredients": [], "removed_dressings": []}}, {"model": "salads.salad", "pk": 5, "fields": {"date_created": "2018-10-29T21:39:59.326Z", "date_modified": "2018-10-29T21:39:59.326Z", "grow": 1, "from_template": 1, "order": 3, "event": null, "added_microgreens": [], "added_ingredients": [], "added_dressings": [], "removed_microgreens": [], "removed_ingredients": [], "removed_dressings": []}}, {"model": "salads.salad", "pk": 6, "fields": {"date_created": "2018-10-29T21:40:36.297Z", "date_modified": "2018-10-29T21:40:36.297Z", "grow": 1, "from_template": 1, "order": null, "event": null, "added_microgreens": [], "added_ingredients": [], "added_dressings": [], "removed_microgreens": [], "removed_ingredients": [], "removed_dressings": []}}, {"model": "salads.salad", "pk": 7, "fields": {"date_created": "2018-10-29T21:41:08.710Z", "date_modified": "2018-10-29T21:41:08.710Z", "grow": 1, "from_template": 1, "order": 5, "event": null, "added_microgreens": [], "added_ingredients": [], "added_dressings": [], "removed_microgreens": [], "removed_ingredients": [], "removed_dressings": []}}, {"model": "salads.salad", "pk": 8, "fields": {"date_created": "2018-10-29T23:10:27.405Z", "date_modified": "2018-10-29T23:10:27.405Z", "grow": 1, "from_template": 1, "order": null, "event": 1, "added_microgreens": [], "added_ingredients": [], "added_dressings": [], "removed_microgreens": [], "removed_ingredients": [], "removed_dressings": []}}, {"model": "salads.salad", "pk": 9, "fields": {"date_created": "2018-10-29T23:10:27.415Z", "date_modified": "2018-10-29T23:10:27.415Z", "grow": 1, "from_template": 1, "order": null, "event": 1, "added_microgreens": [], "added_ingredients": [], "added_dressings": [], "removed_microgreens": [], "removed_ingredients": [], "removed_dressings": []}}, {"model": "salads.salad", "pk": 10, "fields": {"date_created": "2018-10-29T23:10:27.423Z", "date_modified": "2018-10-29T23:10:27.423Z", "grow": 1, "from_template": 1, "order": null, "event": 1, "added_microgreens": [], "added_ingredients": [], "added_dressings": [], "removed_microgreens": [], "removed_ingredients": [], "removed_dressings": []}}, {"model": "salads.salad", "pk": 11, "fields": {"date_created": "2018-10-29T23:10:27.431Z", "date_modified": "2018-10-29T23:10:27.431Z", "grow": 1, "from_template": 1, "order": null, "event": 1, "added_microgreens": [], "added_ingredients": [], "added_dressings": [], "removed_microgreens": [], "removed_ingredients": [], "removed_dressings": []}}, {"model": "salads.salad", "pk": 12, "fields": {"date_created": "2018-10-29T23:10:27.438Z", "date_modified": "2018-10-29T23:10:27.438Z", "grow": 1, "from_template": 1, "order": null, "event": 1, "added_microgreens": [], "added_ingredients": [], "added_dressings": [], "removed_microgreens": [], "removed_ingredients": [], "removed_dressings": []}}, {"model": "salads.salad", "pk": 13, "fields": {"date_created": "2018-10-29T23:10:27.447Z", "date_modified": "2018-10-29T23:10:27.447Z", "grow": 1, "from_template": 1, "order": null, "event": 1, "added_microgreens": [], "added_ingredients": [], "added_dressings": [], "removed_microgreens": [], "removed_ingredients": [], "removed_dressings": []}}, {"model": "salads.salad", "pk": 14, "fields": {"date_created": "2018-10-29T23:10:27.454Z", "date_modified": "2018-10-29T23:10:27.454Z", "grow": 1, "from_template": 1, "order": null, "event": 1, "added_microgreens": [], "added_ingredients": [], "added_dressings": [], "removed_microgreens": [], "removed_ingredients": [], "removed_dressings": []}}, {"model": "salads.salad", "pk": 15, "fields": {"date_created": "2018-10-29T23:10:27.461Z", "date_modified": "2018-10-29T23:10:27.461Z", "grow": 1, "from_template": 1, "order": null, "event": 1, "added_microgreens": [], "added_ingredients": [], "added_dressings": [], "removed_microgreens": [], "removed_ingredients": [], "removed_dressings": []}}, {"model": "salads.salad", "pk": 16, "fields": {"date_created": "2018-10-29T23:10:27.469Z", "date_modified": "2018-10-29T23:10:27.469Z", "grow": 1, "from_template": 1, "order": null, "event": 1, "added_microgreens": [], "added_ingredients": [], "added_dressings": [], "removed_microgreens": [], "removed_ingredients": [], "removed_dressings": []}}, {"model": "salads.salad", "pk": 17, "fields": {"date_created": "2018-10-29T23:10:27.476Z", "date_modified": "2018-10-29T23:10:27.476Z", "grow": 1, "from_template": 1, "order": null, "event": 1, "added_microgreens": [], "added_ingredients": [], "added_dressings": [], "removed_microgreens": [], "removed_ingredients": [], "removed_dressings": []}}, {"model": "salads.salad", "pk": 18, "fields": {"date_created": "2018-10-29T23:33:11.411Z", "date_modified": "2018-10-29T23:33:11.411Z", "grow": 1, "from_template": 1, "order": null, "event": 1, "added_microgreens": [], "added_ingredients": [], "added_dressings": [], "removed_microgreens": [], "removed_ingredients": [], "removed_dressings": []}}, {"model": "salads.salad", "pk": 19, "fields": {"date_created": "2018-10-29T23:35:10.224Z", "date_modified": "2018-10-29T23:35:10.224Z", "grow": 1, "from_template": 2, "order": null, "event": 1, "added_microgreens": [], "added_ingredients": [], "added_dressings": [], "removed_microgreens": [], "removed_ingredients": [], "removed_dressings": []}}, {"model": "salads.salad", "pk": 20, "fields": {"date_created": "2018-10-29T23:35:10.232Z", "date_modified": "2018-10-29T23:35:10.232Z", "grow": 1, "from_template": 2, "order": null, "event": 1, "added_microgreens": [], "added_ingredients": [], "added_dressings": [], "removed_microgreens": [], "removed_ingredients": [], "removed_dressings": []}}, {"model": "salads.salad", "pk": 21, "fields": {"date_created": "2018-10-29T23:35:10.240Z", "date_modified": "2018-10-29T23:35:10.240Z", "grow": 1, "from_template": 2, "order": null, "event": 1, "added_microgreens": [], "added_ingredients": [], "added_dressings": [], "removed_microgreens": [], "removed_ingredients": [], "removed_dressings": []}}, {"model": "salads.salad", "pk": 22, "fields": {"date_created": "2018-10-29T23:35:10.248Z", "date_modified": "2018-10-29T23:35:10.248Z", "grow": 1, "from_template": 2, "order": null, "event": 1, "added_microgreens": [], "added_ingredients": [], "added_dressings": [], "removed_microgreens": [], "removed_ingredients": [], "removed_dressings": []}}, {"model": "salads.salad", "pk": 23, "fields": {"date_created": "2018-10-29T23:35:10.256Z", "date_modified": "2018-10-29T23:35:10.256Z", "grow": 1, "from_template": 2, "order": null, "event": 1, "added_microgreens": [], "added_ingredients": [], "added_dressings": [], "removed_microgreens": [], "removed_ingredients": [], "removed_dressings": []}}, {"model": "salads.salad", "pk": 24, "fields": {"date_created": "2018-10-29T23:35:10.263Z", "date_modified": "2018-10-29T23:35:10.263Z", "grow": 1, "from_template": 2, "order": null, "event": 1, "added_microgreens": [], "added_ingredients": [], "added_dressings": [], "removed_microgreens": [], "removed_ingredients": [], "removed_dressings": []}}, {"model": "salads.salad", "pk": 25, "fields": {"date_created": "2018-10-29T23:35:10.270Z", "date_modified": "2018-10-29T23:35:10.270Z", "grow": 1, "from_template": 2, "order": null, "event": 1, "added_microgreens": [], "added_ingredients": [], "added_dressings": [], "removed_microgreens": [], "removed_ingredients": [], "removed_dressings": []}}, {"model": "salads.salad", "pk": 26, "fields": {"date_created": "2018-10-29T23:35:10.278Z", "date_modified": "2018-10-29T23:35:10.278Z", "grow": 1, "from_template": 2, "order": null, "event": 1, "added_microgreens": [], "added_ingredients": [], "added_dressings": [], "removed_microgreens": [], "removed_ingredients": [], "removed_dressings": []}}, {"model": "salads.salad", "pk": 27, "fields": {"date_created": "2018-10-29T23:35:10.286Z", "date_modified": "2018-10-29T23:35:10.286Z", "grow": 1, "from_template": 2, "order": null, "event": 1, "added_microgreens": [], "added_ingredients": [], "added_dressings": [], "removed_microgreens": [], "removed_ingredients": [], "removed_dressings": []}}, {"model": "salads.salad", "pk": 28, "fields": {"date_created": "2018-10-29T23:35:10.294Z", "date_modified": "2018-10-29T23:35:10.294Z", "grow": 1, "from_template": 2, "order": null, "event": 1, "added_microgreens": [], "added_ingredients": [], "added_dressings": [], "removed_microgreens": [], "removed_ingredients": [], "removed_dressings": []}}, {"model": "salads.saladfeedback", "pk": 1, "fields": {"salad": 15, "email": "chris@cohoat.com", "comments": "clomments"}}, {"model": "salads.saladfeedback", "pk": 2, "fields": {"salad": 15, "email": "chris@cohoat.com", "comments": "clomments"}}, {"model": "salads.saladfeedback", "pk": 3, "fields": {"salad": 15, "email": "chris@cohoat.com", "comments": "clomments"}}, {"model": "salads.saladfeedback", "pk": 4, "fields": {"salad": 15, "email": "chris@cohoat.com", "comments": "clomments"}}]